label,scenario,role,n_similar,n_occupied,condition,repeat,p_move,prompt_n,t
gemma-4-31b-chat-grammar,baseline,red,0,2,sequential,0,0.02662924917959001,161,1788715305.8249779
gemma-4-31b-chat-grammar,baseline,red,0,2,sequential,1,0.02662924917959001,161,1788715306.365004
gemma-4-31b-chat-grammar,baseline,red,0,2,sequential,2,0.02662924917959001,161,1788715306.9074512
gemma-4-31b-chat-grammar,baseline,red,0,2,sequential,3,0.02662924917959001,161,1788715307.4464245
gemma-4-31b-chat-grammar,baseline,red,0,2,sequential,4,0.02662924917959001,161,1788715307.9895394
gemma-4-31b-chat-grammar,baseline,red,0,2,sequential,5,0.02662924917959001,161,1788715308.5288942
gemma-4-31b-chat-grammar,baseline,red,0,2,sequential,6,0.02662924917959001,161,1788715309.0733957
gemma-4-31b-chat-grammar,baseline,red,0,2,sequential,7,0.02662924917959001,161,1788715309.6125433
gemma-4-31b-chat-grammar,baseline,red,0,2,sequential,8,0.02662924917959001,161,1788715310.1552708
gemma-4-31b-chat-grammar,baseline,red,0,2,sequential,9,0.02662924917959001,161,1788715310.6957772
gemma-4-31b-chat-grammar,baseline,red,0,2,sequential,10,0.02662924917959001,161,1788715311.2343748
gemma-4-31b-chat-grammar,baseline,red,0,2,sequential,11,0.02662924917959001,161,1788715311.776548
gemma-4-31b-chat-grammar,race_white_black,blue,0,3,sequential,0,0.6719046435327721,160,1788715312.385518
gemma-4-31b-chat-grammar,race_white_black,blue,0,3,sequential,1,0.6719046435327721,160,1788715312.926921
gemma-4-31b-chat-grammar,race_white_black,blue,0,3,sequential,2,0.6719046435327721,160,1788715313.468422
gemma-4-31b-chat-grammar,race_white_black,blue,0,3,sequential,3,0.6719046435327721,160,1788715314.0102096
gemma-4-31b-chat-grammar,race_white_black,blue,0,3,sequential,4,0.6719046435327721,160,1788715314.5540366
gemma-4-31b-chat-grammar,race_white_black,blue,0,3,sequential,5,0.6719046435327721,160,1788715315.0984387
gemma-4-31b-chat-grammar,race_white_black,blue,0,3,sequential,6,0.6719046435327721,160,1788715315.6401336
gemma-4-31b-chat-grammar,race_white_black,blue,0,3,sequential,7,0.6719046435327721,160,1788715316.1813602
gemma-4-31b-chat-grammar,race_white_black,blue,0,3,sequential,8,0.6719046435327721,160,1788715316.7215478
gemma-4-31b-chat-grammar,race_white_black,blue,0,3,sequential,9,0.6719046435327721,160,1788715317.2613575
gemma-4-31b-chat-grammar,race_white_black,blue,0,3,sequential,10,0.6719046435327721,160,1788715317.8055792
gemma-4-31b-chat-grammar,race_white_black,blue,0,3,sequential,11,0.6719046435327721,160,1788715318.3467565
gemma-4-31b-chat-grammar,baseline,red,1,8,sequential,0,0.3596926736740075,162,1788715318.984898
gemma-4-31b-chat-grammar,baseline,red,1,8,sequential,1,0.3596926736740075,162,1788715319.526444
gemma-4-31b-chat-grammar,baseline,red,1,8,sequential,2,0.3596926736740075,162,1788715320.0694118
gemma-4-31b-chat-grammar,baseline,red,1,8,sequential,3,0.3596926736740075,162,1788715320.6105778
gemma-4-31b-chat-grammar,baseline,red,1,8,sequential,4,0.3596926736740075,162,1788715321.1506586
gemma-4-31b-chat-grammar,baseline,red,1,8,sequential,5,0.3596926736740075,162,1788715321.692512
gemma-4-31b-chat-grammar,baseline,red,1,8,sequential,6,0.3596926736740075,162,1788715322.2325087
gemma-4-31b-chat-grammar,baseline,red,1,8,sequential,7,0.3596926736740075,162,1788715322.7715743
gemma-4-31b-chat-grammar,baseline,red,1,8,sequential,8,0.3596926736740075,162,1788715323.311568
gemma-4-31b-chat-grammar,baseline,red,1,8,sequential,9,0.3596926736740075,162,1788715323.8508344
gemma-4-31b-chat-grammar,baseline,red,1,8,sequential,10,0.3596926736740075,162,1788715324.3902364
gemma-4-31b-chat-grammar,baseline,red,1,8,sequential,11,0.3596926736740075,162,1788715324.9310527
gemma-4-31b-chat-grammar,political_liberal_conservative,blue,1,5,sequential,0,0.690283477306366,162,1788715325.553917
gemma-4-31b-chat-grammar,political_liberal_conservative,blue,1,5,sequential,1,0.690283477306366,162,1788715326.0967696
gemma-4-31b-chat-grammar,political_liberal_conservative,blue,1,5,sequential,2,0.690283477306366,162,1788715326.6380353
gemma-4-31b-chat-grammar,political_liberal_conservative,blue,1,5,sequential,3,0.690283477306366,162,1788715327.1760268
gemma-4-31b-chat-grammar,political_liberal_conservative,blue,1,5,sequential,4,0.690283477306366,162,1788715327.7262573
gemma-4-31b-chat-grammar,political_liberal_conservative,blue,1,5,sequential,5,0.690283477306366,162,1788715328.2680502
gemma-4-31b-chat-grammar,political_liberal_conservative,blue,1,5,sequential,6,0.690283477306366,162,1788715328.809224
gemma-4-31b-chat-grammar,political_liberal_conservative,blue,1,5,sequential,7,0.690283477306366,162,1788715329.3482273
gemma-4-31b-chat-grammar,political_liberal_conservative,blue,1,5,sequential,8,0.690283477306366,162,1788715329.8920794
gemma-4-31b-chat-grammar,political_liberal_conservative,blue,1,5,sequential,9,0.690283477306366,162,1788715330.4344857
gemma-4-31b-chat-grammar,political_liberal_conservative,blue,1,5,sequential,10,0.690283477306366,162,1788715330.9749463
gemma-4-31b-chat-grammar,political_liberal_conservative,blue,1,5,sequential,11,0.690283477306366,162,1788715331.5194018
gemma-4-31b-chat-grammar,income_high_low,red,3,8,sequential,0,0.9878652737842187,164,1788715332.143696
gemma-4-31b-chat-grammar,income_high_low,red,3,8,sequential,1,0.9878652737842187,164,1788715332.6841292
gemma-4-31b-chat-grammar,income_high_low,red,3,8,sequential,2,0.9878652737842187,164,1788715333.2299104
gemma-4-31b-chat-grammar,income_high_low,red,3,8,sequential,3,0.9878652737842187,164,1788715333.7751076
gemma-4-31b-chat-grammar,income_high_low,red,3,8,sequential,4,0.9878652737842187,164,1788715334.3144686
gemma-4-31b-chat-grammar,income_high_low,red,3,8,sequential,5,0.9878652737842187,164,1788715334.8592834
gemma-4-31b-chat-grammar,income_high_low,red,3,8,sequential,6,0.9878652737842187,164,1788715335.4015667
gemma-4-31b-chat-grammar,income_high_low,red,3,8,sequential,7,0.9878652737842187,164,1788715335.9424372
gemma-4-31b-chat-grammar,income_high_low,red,3,8,sequential,8,0.9878652737842187,164,1788715336.4885602
gemma-4-31b-chat-grammar,income_high_low,red,3,8,sequential,9,0.9878652737842187,164,1788715337.033384
gemma-4-31b-chat-grammar,income_high_low,red,3,8,sequential,10,0.9878652737842187,164,1788715337.5751095
gemma-4-31b-chat-grammar,income_high_low,red,3,8,sequential,11,0.9878652737842187,164,1788715338.1185007
gemma-4-31b-chat-grammar,race_white_black,red,0,5,sequential,0,0.684783021069079,162,1788715338.7305727
gemma-4-31b-chat-grammar,race_white_black,red,0,5,sequential,1,0.684783021069079,162,1788715339.2732153
gemma-4-31b-chat-grammar,race_white_black,red,0,5,sequential,2,0.684783021069079,162,1788715339.815599
gemma-4-31b-chat-grammar,race_white_black,red,0,5,sequential,3,0.684783021069079,162,1788715340.3584683
gemma-4-31b-chat-grammar,race_white_black,red,0,5,sequential,4,0.684783021069079,162,1788715340.9014075
gemma-4-31b-chat-grammar,race_white_black,red,0,5,sequential,5,0.684783021069079,162,1788715341.4437222
gemma-4-31b-chat-grammar,race_white_black,red,0,5,sequential,6,0.684783021069079,162,1788715341.9885192
gemma-4-31b-chat-grammar,race_white_black,red,0,5,sequential,7,0.684783021069079,162,1788715342.5322104
gemma-4-31b-chat-grammar,race_white_black,red,0,5,sequential,8,0.684783021069079,162,1788715343.0753536
gemma-4-31b-chat-grammar,race_white_black,red,0,5,sequential,9,0.684783021069079,162,1788715343.619711
gemma-4-31b-chat-grammar,race_white_black,red,0,5,sequential,10,0.684783021069079,162,1788715344.1625333
gemma-4-31b-chat-grammar,race_white_black,red,0,5,sequential,11,0.684783021069079,162,1788715344.7055643
gemma-4-31b-chat-grammar,political_liberal_conservative,red,1,5,sequential,0,0.022385647728905528,162,1788715345.3227327
gemma-4-31b-chat-grammar,political_liberal_conservative,red,1,5,sequential,1,0.022385647728905528,162,1788715345.8655388
gemma-4-31b-chat-grammar,political_liberal_conservative,red,1,5,sequential,2,0.022385647728905528,162,1788715346.410533
gemma-4-31b-chat-grammar,political_liberal_conservative,red,1,5,sequential,3,0.022385647728905528,162,1788715346.9536045
gemma-4-31b-chat-grammar,political_liberal_conservative,red,1,5,sequential,4,0.022385647728905528,162,1788715347.498772
gemma-4-31b-chat-grammar,political_liberal_conservative,red,1,5,sequential,5,0.022385647728905528,162,1788715348.0461452
gemma-4-31b-chat-grammar,political_liberal_conservative,red,1,5,sequential,6,0.022385647728905528,162,1788715348.6067605
gemma-4-31b-chat-grammar,political_liberal_conservative,red,1,5,sequential,7,0.022385647728905528,162,1788715349.1531985
gemma-4-31b-chat-grammar,political_liberal_conservative,red,1,5,sequential,8,0.022385647728905528,162,1788715349.699546
gemma-4-31b-chat-grammar,political_liberal_conservative,red,1,5,sequential,9,0.022385647728905528,162,1788715350.2432587
gemma-4-31b-chat-grammar,political_liberal_conservative,red,1,5,sequential,10,0.022385647728905528,162,1788715350.789046
gemma-4-31b-chat-grammar,political_liberal_conservative,red,1,5,sequential,11,0.022385647728905528,162,1788715351.3333936
gemma-4-31b-chat-grammar,income_high_low,blue,0,3,sequential,0,0.5836390852928162,164,1788715351.9571922
gemma-4-31b-chat-grammar,income_high_low,blue,0,3,sequential,1,0.5836390852928162,164,1788715352.5005107
gemma-4-31b-chat-grammar,income_high_low,blue,0,3,sequential,2,0.5836390852928162,164,1788715353.0448306
gemma-4-31b-chat-grammar,income_high_low,blue,0,3,sequential,3,0.5836390852928162,164,1788715353.589667
gemma-4-31b-chat-grammar,income_high_low,blue,0,3,sequential,4,0.5836390852928162,164,1788715354.1341681
gemma-4-31b-chat-grammar,income_high_low,blue,0,3,sequential,5,0.5836390852928162,164,1788715354.6764457
gemma-4-31b-chat-grammar,income_high_low,blue,0,3,sequential,6,0.5836390852928162,164,1788715355.2217138
gemma-4-31b-chat-grammar,income_high_low,blue,0,3,sequential,7,0.5836390852928162,164,1788715355.767463
gemma-4-31b-chat-grammar,income_high_low,blue,0,3,sequential,8,0.5836390852928162,164,1788715356.3109
gemma-4-31b-chat-grammar,income_high_low,blue,0,3,sequential,9,0.5836390852928162,164,1788715356.8567586
gemma-4-31b-chat-grammar,income_high_low,blue,0,3,sequential,10,0.5836390852928162,164,1788715357.4026837
gemma-4-31b-chat-grammar,income_high_low,blue,0,3,sequential,11,0.5836390852928162,164,1788715357.951798
gemma-4-31b-chat-grammar,ethnic_asian_hispanic,blue,0,4,sequential,0,0.9993259787523522,165,1788715358.5665073
gemma-4-31b-chat-grammar,ethnic_asian_hispanic,blue,0,4,sequential,1,0.9993259787523522,165,1788715359.1069872
gemma-4-31b-chat-grammar,ethnic_asian_hispanic,blue,0,4,sequential,2,0.9993259787523522,165,1788715359.6507168
gemma-4-31b-chat-grammar,ethnic_asian_hispanic,blue,0,4,sequential,3,0.9993259787523522,165,1788715360.196528
gemma-4-31b-chat-grammar,ethnic_asian_hispanic,blue,0,4,sequential,4,0.9993259787523522,165,1788715360.7401314
gemma-4-31b-chat-grammar,ethnic_asian_hispanic,blue,0,4,sequential,5,0.9993259787523522,165,1788715361.2797034
gemma-4-31b-chat-grammar,ethnic_asian_hispanic,blue,0,4,sequential,6,0.9993259787523522,165,1788715361.8240552
gemma-4-31b-chat-grammar,ethnic_asian_hispanic,blue,0,4,sequential,7,0.9993259787523522,165,1788715362.370319
gemma-4-31b-chat-grammar,ethnic_asian_hispanic,blue,0,4,sequential,8,0.9993259787523522,165,1788715362.9132473
gemma-4-31b-chat-grammar,ethnic_asian_hispanic,blue,0,4,sequential,9,0.9993259787523522,165,1788715363.4561086
gemma-4-31b-chat-grammar,ethnic_asian_hispanic,blue,0,4,sequential,10,0.9993259787523522,165,1788715363.9964519
gemma-4-31b-chat-grammar,ethnic_asian_hispanic,blue,0,4,sequential,11,0.9993259787523522,165,1788715364.5353658
gemma-4-31b-chat-grammar,political_liberal_conservative,red,2,8,sequential,0,0.9988919857684312,161,1788715365.1585665
gemma-4-31b-chat-grammar,political_liberal_conservative,red,2,8,sequential,1,0.9988919857684312,161,1788715365.698529
gemma-4-31b-chat-grammar,political_liberal_conservative,red,2,8,sequential,2,0.9988919857684312,161,1788715366.2415245
gemma-4-31b-chat-grammar,political_liberal_conservative,red,2,8,sequential,3,0.9988919857684312,161,1788715366.7851758
gemma-4-31b-chat-grammar,political_liberal_conservative,red,2,8,sequential,4,0.9988919857684312,161,1788715367.3254676
gemma-4-31b-chat-grammar,political_liberal_conservative,red,2,8,sequential,5,0.9988919857684312,161,1788715367.8693159
gemma-4-31b-chat-grammar,political_liberal_conservative,red,2,8,sequential,6,0.9988919857684312,161,1788715368.4107335
gemma-4-31b-chat-grammar,political_liberal_conservative,red,2,8,sequential,7,0.9988919857684312,161,1788715368.954378
gemma-4-31b-chat-grammar,political_liberal_conservative,red,2,8,sequential,8,0.9988919857684312,161,1788715369.4971957
gemma-4-31b-chat-grammar,political_liberal_conservative,red,2,8,sequential,9,0.9988919857684312,161,1788715370.04603
gemma-4-31b-chat-grammar,political_liberal_conservative,red,2,8,sequential,10,0.9988919857684312,161,1788715370.5851564
gemma-4-31b-chat-grammar,political_liberal_conservative,red,2,8,sequential,11,0.9988919857684312,161,1788715371.1277757
gemma-4-31b-chat-grammar,baseline,red,0,2,concurrent,0,0.0039460062980651855,161,1788715375.8447654
gemma-4-31b-chat-grammar,baseline,red,0,2,concurrent,1,0.8310766568459077,161,1788715375.8447673
gemma-4-31b-chat-grammar,baseline,red,0,2,concurrent,2,0.3188976252407543,161,1788715375.844768
gemma-4-31b-chat-grammar,baseline,red,0,2,concurrent,3,0.00585569247419043,161,1788715375.8447685
gemma-4-31b-chat-grammar,baseline,red,0,2,concurrent,4,0.0039460062980651855,161,1788715375.844769
gemma-4-31b-chat-grammar,baseline,red,0,2,concurrent,5,0.3188976252407543,161,1788715375.8447695
gemma-4-31b-chat-grammar,baseline,red,0,2,concurrent,6,0.8310766568459077,161,1788715375.8447702
gemma-4-31b-chat-grammar,baseline,red,0,2,concurrent,7,0.00585569247419043,161,1788715375.844771
gemma-4-31b-chat-grammar,baseline,red,0,2,concurrent,8,0.9423780090981948,161,1788715375.8447714
gemma-4-31b-chat-grammar,baseline,red,0,2,concurrent,9,0.047921191365407505,161,1788715375.8447723
gemma-4-31b-chat-grammar,baseline,red,0,2,concurrent,10,0.3907228112220764,161,1788715375.8447728
gemma-4-31b-chat-grammar,baseline,red,0,2,concurrent,11,0.010138064925016907,161,1788715375.8447733
gemma-4-31b-chat-grammar,race_white_black,blue,0,3,concurrent,0,0.021593238595304376,160,1788715380.4687736
gemma-4-31b-chat-grammar,race_white_black,blue,0,3,concurrent,1,0.041976213455200195,160,1788715380.4687753
gemma-4-31b-chat-grammar,race_white_black,blue,0,3,concurrent,2,0.030085195192156678,160,1788715380.468776
gemma-4-31b-chat-grammar,race_white_black,blue,0,3,concurrent,3,0.6492572620289702,160,1788715380.4687767
gemma-4-31b-chat-grammar,race_white_black,blue,0,3,concurrent,4,0.041976213455200195,160,1788715380.4687774
gemma-4-31b-chat-grammar,race_white_black,blue,0,3,concurrent,5,0.021593238595304376,160,1788715380.468778
gemma-4-31b-chat-grammar,race_white_black,blue,0,3,concurrent,6,0.030085195192156678,160,1788715380.4687788
gemma-4-31b-chat-grammar,race_white_black,blue,0,3,concurrent,7,0.6492572620289702,160,1788715380.4687793
gemma-4-31b-chat-grammar,race_white_black,blue,0,3,concurrent,8,0.9803665207299104,160,1788715380.46878
gemma-4-31b-chat-grammar,race_white_black,blue,0,3,concurrent,9,0.5949429273605347,160,1788715380.4687805
gemma-4-31b-chat-grammar,race_white_black,blue,0,3,concurrent,10,0.9369719624519348,160,1788715380.468781
gemma-4-31b-chat-grammar,race_white_black,blue,0,3,concurrent,11,0.7009891658726584,160,1788715380.4687815
gemma-4-31b-chat-grammar,baseline,red,1,8,concurrent,0,0.6309460997581482,162,1788715385.1643434
gemma-4-31b-chat-grammar,baseline,red,1,8,concurrent,1,0.4661411483925923,162,1788715385.1643445
gemma-4-31b-chat-grammar,baseline,red,1,8,concurrent,2,0.0022218283141674754,162,1788715385.1643453
gemma-4-31b-chat-grammar,baseline,red,1,8,concurrent,3,0.9580118202866885,162,1788715385.1643457
gemma-4-31b-chat-grammar,baseline,red,1,8,concurrent,4,0.6309460997581482,162,1788715385.1643465
gemma-4-31b-chat-grammar,baseline,red,1,8,concurrent,5,0.4661411483925923,162,1788715385.1643522
gemma-4-31b-chat-grammar,baseline,red,1,8,concurrent,6,0.0022218283141674754,162,1788715385.1643527
gemma-4-31b-chat-grammar,baseline,red,1,8,concurrent,7,0.9580118202866885,162,1788715385.1643534
gemma-4-31b-chat-grammar,baseline,red,1,8,concurrent,8,0.9982314193473038,162,1788715385.164354
gemma-4-31b-chat-grammar,baseline,red,1,8,concurrent,9,0.09157486123480109,162,1788715385.1643543
gemma-4-31b-chat-grammar,baseline,red,1,8,concurrent,10,0.9999287165189453,162,1788715385.1643548
gemma-4-31b-chat-grammar,baseline,red,1,8,concurrent,11,0.3164138197898865,162,1788715385.1643553
gemma-4-31b-chat-grammar,political_liberal_conservative,blue,1,5,concurrent,0,0.0002803028960183952,162,1788715389.8520164
gemma-4-31b-chat-grammar,political_liberal_conservative,blue,1,5,concurrent,1,0.9960457081924912,162,1788715389.8520179
gemma-4-31b-chat-grammar,political_liberal_conservative,blue,1,5,concurrent,2,0.9426640307257474,162,1788715389.8520188
gemma-4-31b-chat-grammar,political_liberal_conservative,blue,1,5,concurrent,3,0.02368329682533271,162,1788715389.8520198
gemma-4-31b-chat-grammar,political_liberal_conservative,blue,1,5,concurrent,4,0.0002803028960183952,162,1788715389.8520205
gemma-4-31b-chat-grammar,political_liberal_conservative,blue,1,5,concurrent,5,0.9960457081924912,162,1788715389.852021
gemma-4-31b-chat-grammar,political_liberal_conservative,blue,1,5,concurrent,6,0.02368329682533271,162,1788715389.852022
gemma-4-31b-chat-grammar,political_liberal_conservative,blue,1,5,concurrent,7,0.9426640307257474,162,1788715389.8520224
gemma-4-31b-chat-grammar,political_liberal_conservative,blue,1,5,concurrent,8,0.997110309073907,162,1788715389.8520231
gemma-4-31b-chat-grammar,political_liberal_conservative,blue,1,5,concurrent,9,0.8744981754645977,162,1788715389.8520238
gemma-4-31b-chat-grammar,political_liberal_conservative,blue,1,5,concurrent,10,0.09532511908318758,162,1788715389.8520246
gemma-4-31b-chat-grammar,political_liberal_conservative,blue,1,5,concurrent,11,0.9449784509284453,162,1788715389.852025
gemma-4-31b-chat-grammar,income_high_low,red,3,8,concurrent,0,0.9450284101809798,164,1788715394.5588756
gemma-4-31b-chat-grammar,income_high_low,red,3,8,concurrent,1,0.9828414412479982,164,1788715394.5588777
gemma-4-31b-chat-grammar,income_high_low,red,3,8,concurrent,2,0.7079902291297913,164,1788715394.5588784
gemma-4-31b-chat-grammar,income_high_low,red,3,8,concurrent,3,0.9994520224130716,164,1788715394.558879
gemma-4-31b-chat-grammar,income_high_low,red,3,8,concurrent,4,0.9828414412479982,164,1788715394.5588794
gemma-4-31b-chat-grammar,income_high_low,red,3,8,concurrent,5,0.7079902291297913,164,1788715394.5588808
gemma-4-31b-chat-grammar,income_high_low,red,3,8,concurrent,6,0.9994520224130716,164,1788715394.5588815
gemma-4-31b-chat-grammar,income_high_low,red,3,8,concurrent,7,0.9450284101809798,164,1788715394.558882
gemma-4-31b-chat-grammar,income_high_low,red,3,8,concurrent,8,0.9995923100772213,164,1788715394.5588825
gemma-4-31b-chat-grammar,income_high_low,red,3,8,concurrent,9,0.4422092867556002,164,1788715394.5588827
gemma-4-31b-chat-grammar,income_high_low,red,3,8,concurrent,10,0.9998600125075732,164,1788715394.5588834
gemma-4-31b-chat-grammar,income_high_low,red,3,8,concurrent,11,0.9412664806144926,164,1788715394.5588841
gemma-4-31b-chat-grammar,race_white_black,red,0,5,concurrent,0,0.09175527772489728,162,1788715399.3266077
gemma-4-31b-chat-grammar,race_white_black,red,0,5,concurrent,1,0.7417193276202478,162,1788715399.326609
gemma-4-31b-chat-grammar,race_white_black,red,0,5,concurrent,2,0.7745047807693481,162,1788715399.3266094
gemma-4-31b-chat-grammar,race_white_black,red,0,5,concurrent,3,0.9645326769520814,162,1788715399.3266096
gemma-4-31b-chat-grammar,race_white_black,red,0,5,concurrent,4,0.09175527772489728,162,1788715399.3266098
gemma-4-31b-chat-grammar,race_white_black,red,0,5,concurrent,5,0.7417193276202478,162,1788715399.3266098
gemma-4-31b-chat-grammar,race_white_black,red,0,5,concurrent,6,0.7745047807693481,162,1788715399.32661
gemma-4-31b-chat-grammar,race_white_black,red,0,5,concurrent,7,0.9645326769520814,162,1788715399.3266103
gemma-4-31b-chat-grammar,race_white_black,red,0,5,concurrent,8,0.00013343323659134414,162,1788715399.3266108
gemma-4-31b-chat-grammar,race_white_black,red,0,5,concurrent,9,0.9122018082111805,162,1788715399.326611
gemma-4-31b-chat-grammar,race_white_black,red,0,5,concurrent,10,8.857144378650872e-06,162,1788715399.3266113
gemma-4-31b-chat-grammar,race_white_black,red,0,5,concurrent,11,0.2602601647377014,162,1788715399.3266115
gemma-4-31b-chat-grammar,political_liberal_conservative,red,1,5,concurrent,0,0.0009121699437085248,162,1788715404.1765547
gemma-4-31b-chat-grammar,political_liberal_conservative,red,1,5,concurrent,1,0.8064147113797857,162,1788715404.1765563
gemma-4-31b-chat-grammar,political_liberal_conservative,red,1,5,concurrent,2,0.009346238415796446,162,1788715404.1765573
gemma-4-31b-chat-grammar,political_liberal_conservative,red,1,5,concurrent,3,0.04262557498736456,162,1788715404.1765578
gemma-4-31b-chat-grammar,political_liberal_conservative,red,1,5,concurrent,4,0.04262557498736456,162,1788715404.1765585
gemma-4-31b-chat-grammar,political_liberal_conservative,red,1,5,concurrent,5,0.8064147113797857,162,1788715404.1765587
gemma-4-31b-chat-grammar,political_liberal_conservative,red,1,5,concurrent,6,0.0009121699437085248,162,1788715404.1765594
gemma-4-31b-chat-grammar,political_liberal_conservative,red,1,5,concurrent,7,0.009346238415796446,162,1788715404.17656
gemma-4-31b-chat-grammar,political_liberal_conservative,red,1,5,concurrent,8,0.324407597648871,162,1788715404.1765606
gemma-4-31b-chat-grammar,political_liberal_conservative,red,1,5,concurrent,9,0.4699820280075073,162,1788715404.1765614
gemma-4-31b-chat-grammar,political_liberal_conservative,red,1,5,concurrent,10,0.9993469915222007,162,1788715404.1765618
gemma-4-31b-chat-grammar,political_liberal_conservative,red,1,5,concurrent,11,0.0024728865603817216,162,1788715404.1765625
gemma-4-31b-chat-grammar,income_high_low,blue,0,3,concurrent,0,0.5122846808348691,164,1788715409.008364
gemma-4-31b-chat-grammar,income_high_low,blue,0,3,concurrent,1,0.9438207219825738,164,1788715409.0083652
gemma-4-31b-chat-grammar,income_high_low,blue,0,3,concurrent,2,0.9999887853374374,164,1788715409.0083656
gemma-4-31b-chat-grammar,income_high_low,blue,0,3,concurrent,3,0.9999849301355721,164,1788715409.008366
gemma-4-31b-chat-grammar,income_high_low,blue,0,3,concurrent,4,0.5122846808348691,164,1788715409.0083666
gemma-4-31b-chat-grammar,income_high_low,blue,0,3,concurrent,5,0.9438207219825738,164,1788715409.0083668
gemma-4-31b-chat-grammar,income_high_low,blue,0,3,concurrent,6,0.9999849301355721,164,1788715409.008367
gemma-4-31b-chat-grammar,income_high_low,blue,0,3,concurrent,7,0.9999887853374374,164,1788715409.0083673
gemma-4-31b-chat-grammar,income_high_low,blue,0,3,concurrent,8,0.9620374190276044,164,1788715409.0083675
gemma-4-31b-chat-grammar,income_high_low,blue,0,3,concurrent,9,0.995005878291397,164,1788715409.0083678
gemma-4-31b-chat-grammar,income_high_low,blue,0,3,concurrent,10,0.740864850852941,164,1788715409.0083685
gemma-4-31b-chat-grammar,income_high_low,blue,0,3,concurrent,11,0.9929485186955394,164,1788715409.0083687
gemma-4-31b-chat-grammar,ethnic_asian_hispanic,blue,0,4,concurrent,0,0.9996744754102641,165,1788715413.8198013
gemma-4-31b-chat-grammar,ethnic_asian_hispanic,blue,0,4,concurrent,1,0.9999921609558006,165,1788715413.8198023
gemma-4-31b-chat-grammar,ethnic_asian_hispanic,blue,0,4,concurrent,2,0.9999659657369196,165,1788715413.8198032
gemma-4-31b-chat-grammar,ethnic_asian_hispanic,blue,0,4,concurrent,3,0.9998216948783171,165,1788715413.819804
gemma-4-31b-chat-grammar,ethnic_asian_hispanic,blue,0,4,concurrent,4,0.9999659657369196,165,1788715413.8198042
gemma-4-31b-chat-grammar,ethnic_asian_hispanic,blue,0,4,concurrent,5,0.9999921609558006,165,1788715413.8198047
gemma-4-31b-chat-grammar,ethnic_asian_hispanic,blue,0,4,concurrent,6,0.9996744754102641,165,1788715413.8198054
gemma-4-31b-chat-grammar,ethnic_asian_hispanic,blue,0,4,concurrent,7,0.9998216948783171,165,1788715413.8198059
gemma-4-31b-chat-grammar,ethnic_asian_hispanic,blue,0,4,concurrent,8,0.999792162488222,165,1788715413.8198066
gemma-4-31b-chat-grammar,ethnic_asian_hispanic,blue,0,4,concurrent,9,0.9999455032021504,165,1788715413.8198068
gemma-4-31b-chat-grammar,ethnic_asian_hispanic,blue,0,4,concurrent,10,0.9576450932639999,165,1788715413.819807
gemma-4-31b-chat-grammar,ethnic_asian_hispanic,blue,0,4,concurrent,11,0.9870859476466286,165,1788715413.8198073
gemma-4-31b-chat-grammar,political_liberal_conservative,red,2,8,concurrent,0,0.9999999453823134,161,1788715418.565374
gemma-4-31b-chat-grammar,political_liberal_conservative,red,2,8,concurrent,1,0.9999984626552797,161,1788715418.5653756
gemma-4-31b-chat-grammar,political_liberal_conservative,red,2,8,concurrent,2,0.9995069818826234,161,1788715418.5653763
gemma-4-31b-chat-grammar,political_liberal_conservative,red,2,8,concurrent,3,0.999999162755446,161,1788715418.5653772
gemma-4-31b-chat-grammar,political_liberal_conservative,red,2,8,concurrent,4,0.9999984626552797,161,1788715418.5653777
gemma-4-31b-chat-grammar,political_liberal_conservative,red,2,8,concurrent,5,0.9999999453823134,161,1788715418.5653791
gemma-4-31b-chat-grammar,political_liberal_conservative,red,2,8,concurrent,6,0.9995069818826234,161,1788715418.5653799
gemma-4-31b-chat-grammar,political_liberal_conservative,red,2,8,concurrent,7,0.999999162755446,161,1788715418.5653803
gemma-4-31b-chat-grammar,political_liberal_conservative,red,2,8,concurrent,8,0.9999980348766222,161,1788715418.565381
gemma-4-31b-chat-grammar,political_liberal_conservative,red,2,8,concurrent,9,0.9997955743709875,161,1788715418.5653815
gemma-4-31b-chat-grammar,political_liberal_conservative,red,2,8,concurrent,10,0.9999996126922044,161,1788715418.5653825
gemma-4-31b-chat-grammar,political_liberal_conservative,red,2,8,concurrent,11,0.9998586971459461,161,1788715418.565383
gemma-4-31b-chat-grammar,political_liberal_conservative,red,1,5,interleaved,4,0.0003949888676546324,162,1788715477.2872994
gemma-4-31b-chat-grammar,race_white_black,red,0,5,interleaved,9,0.22421996629565905,162,1788715477.2873013
gemma-4-31b-chat-grammar,political_liberal_conservative,blue,1,5,interleaved,5,0.6986138612445039,162,1788715477.2873023
gemma-4-31b-chat-grammar,political_liberal_conservative,red,2,8,interleaved,10,0.9999981417849052,161,1788715477.287303
gemma-4-31b-chat-grammar,income_high_low,red,3,8,interleaved,10,0.980334480821489,164,1788715477.287304
gemma-4-31b-chat-grammar,income_high_low,red,3,8,interleaved,1,0.8059044360234673,164,1788715477.2873044
gemma-4-31b-chat-grammar,baseline,red,1,8,interleaved,5,0.01467490287993578,162,1788715477.287305
gemma-4-31b-chat-grammar,political_liberal_conservative,red,2,8,interleaved,2,0.999999162755446,161,1788715477.287306
gemma-4-31b-chat-grammar,baseline,red,0,2,interleaved,3,0.8310766568459077,161,1788715477.2873068
gemma-4-31b-chat-grammar,political_liberal_conservative,red,2,8,interleaved,8,0.999999162755446,161,1788715477.2873073
gemma-4-31b-chat-grammar,baseline,red,0,2,interleaved,1,0.3188976252407543,161,1788715477.287308
gemma-4-31b-chat-grammar,political_liberal_conservative,red,2,8,interleaved,9,0.9999984626552797,161,1788715477.2873087
gemma-4-31b-chat-grammar,political_liberal_conservative,blue,1,5,interleaved,0,0.0002803028960183952,162,1788715477.2873096
gemma-4-31b-chat-grammar,political_liberal_conservative,red,1,5,interleaved,1,0.009346238415796446,162,1788715477.2873101
gemma-4-31b-chat-grammar,political_liberal_conservative,blue,1,5,interleaved,2,0.9960457081924912,162,1788715477.2873106
gemma-4-31b-chat-grammar,income_high_low,red,3,8,interleaved,8,0.9992747907523414,164,1788715477.287311
gemma-4-31b-chat-grammar,race_white_black,blue,0,3,interleaved,9,0.041976213455200195,160,1788715477.287312
gemma-4-31b-chat-grammar,race_white_black,red,0,5,interleaved,2,0.9113487465478667,162,1788715477.287313
gemma-4-31b-chat-grammar,ethnic_asian_hispanic,blue,0,4,interleaved,10,0.9999463075140128,165,1788715477.2873137
gemma-4-31b-chat-grammar,political_liberal_conservative,blue,1,5,interleaved,4,0.9594530320249046,162,1788715477.2873142
gemma-4-31b-chat-grammar,income_high_low,red,3,8,interleaved,0,0.9786545543125407,164,1788715477.287315
gemma-4-31b-chat-grammar,baseline,red,1,8,interleaved,2,0.4661411483925923,162,1788715477.2873154
gemma-4-31b-chat-grammar,baseline,red,1,8,interleaved,0,0.0022218283141674754,162,1788715477.287316
gemma-4-31b-chat-grammar,political_liberal_conservative,red,1,5,interleaved,7,0.009346238415796446,162,1788715477.2873166
gemma-4-31b-chat-grammar,income_high_low,blue,0,3,interleaved,11,0.45820285504451824,164,1788715477.2873173
gemma-4-31b-chat-grammar,income_high_low,red,3,8,interleaved,4,0.9527482283925836,164,1788715477.287318
gemma-4-31b-chat-grammar,baseline,red,0,2,interleaved,5,0.8310766568459077,161,1788715477.2873185
gemma-4-31b-chat-grammar,political_liberal_conservative,blue,1,5,interleaved,7,0.9855062319640712,162,1788715477.287319
gemma-4-31b-chat-grammar,race_white_black,red,0,5,interleaved,10,0.09085641259379117,162,1788715477.28732
gemma-4-31b-chat-grammar,baseline,red,1,8,interleaved,8,0.008049737572114123,162,1788715477.2873373
gemma-4-31b-chat-grammar,political_liberal_conservative,red,2,8,interleaved,5,0.9999999453823134,161,1788715477.2873378
gemma-4-31b-chat-grammar,baseline,red,1,8,interleaved,7,0.8739772699468514,162,1788715477.2873385
gemma-4-31b-chat-grammar,income_high_low,blue,0,3,interleaved,9,0.16470531120018098,164,1788715477.287339
gemma-4-31b-chat-grammar,political_liberal_conservative,red,1,5,interleaved,11,0.8064147113797857,162,1788715477.2873397
gemma-4-31b-chat-grammar,income_high_low,red,3,8,interleaved,5,0.9983602455574672,164,1788715477.2873404
gemma-4-31b-chat-grammar,income_high_low,blue,0,3,interleaved,10,0.9999921004380286,164,1788715477.287341
gemma-4-31b-chat-grammar,race_white_black,red,0,5,interleaved,8,0.09175527772489728,162,1788715477.2873416
gemma-4-31b-chat-grammar,income_high_low,blue,0,3,interleaved,5,0.9999865756855759,164,1788715477.2873423
gemma-4-31b-chat-grammar,ethnic_asian_hispanic,blue,0,4,interleaved,4,0.9999531939800751,165,1788715477.287343
gemma-4-31b-chat-grammar,income_high_low,blue,0,3,interleaved,3,0.999968851366391,164,1788715477.2873435
gemma-4-31b-chat-grammar,income_high_low,blue,0,3,interleaved,4,0.9999700366146637,164,1788715477.2873445
gemma-4-31b-chat-grammar,baseline,red,1,8,interleaved,11,0.6309460997581482,162,1788715477.2873452
gemma-4-31b-chat-grammar,political_liberal_conservative,blue,1,5,interleaved,1,0.9960457081924912,162,1788715477.2873456
gemma-4-31b-chat-grammar,ethnic_asian_hispanic,blue,0,4,interleaved,5,0.9997038758035252,165,1788715477.2873464
gemma-4-31b-chat-grammar,race_white_black,blue,0,3,interleaved,2,0.041976213455200195,160,1788715477.2873473
gemma-4-31b-chat-grammar,political_liberal_conservative,red,2,8,interleaved,4,0.9999999320313441,161,1788715477.2873478
gemma-4-31b-chat-grammar,race_white_black,red,0,5,interleaved,7,0.6150571520609512,162,1788715477.2873483
gemma-4-31b-chat-grammar,political_liberal_conservative,red,1,5,interleaved,8,0.03476062880204767,162,1788715477.287349
gemma-4-31b-chat-grammar,political_liberal_conservative,blue,1,5,interleaved,10,6.570687252903513e-05,162,1788715477.2873495
gemma-4-31b-chat-grammar,race_white_black,red,0,5,interleaved,3,0.7815000298395749,162,1788715477.2873502
gemma-4-31b-chat-grammar,political_liberal_conservative,red,2,8,interleaved,1,0.9999999453823134,161,1788715477.287351
gemma-4-31b-chat-grammar,political_liberal_conservative,red,1,5,interleaved,0,0.011620384846615896,162,1788715477.2873514
gemma-4-31b-chat-grammar,income_high_low,blue,0,3,interleaved,6,0.45820285504451824,164,1788715477.2873523
gemma-4-31b-chat-grammar,income_high_low,red,3,8,interleaved,11,0.9527482283925836,164,1788715477.2873528
gemma-4-31b-chat-grammar,baseline,red,0,2,interleaved,2,0.8310766568459077,161,1788715477.2873535
gemma-4-31b-chat-grammar,political_liberal_conservative,blue,1,5,interleaved,8,0.9855062319640712,162,1788715477.2873542
gemma-4-31b-chat-grammar,political_liberal_conservative,red,2,8,interleaved,11,0.9999994132436941,161,1788715477.287355
gemma-4-31b-chat-grammar,political_liberal_conservative,red,2,8,interleaved,6,0.9999999320313441,161,1788715477.2873554
gemma-4-31b-chat-grammar,income_high_low,red,3,8,interleaved,3,0.9992803425346765,164,1788715477.287356
gemma-4-31b-chat-grammar,race_white_black,blue,0,3,interleaved,10,0.6492572620289702,160,1788715477.2873566
gemma-4-31b-chat-grammar,baseline,red,1,8,interleaved,9,0.6309460997581482,162,1788715477.287357
gemma-4-31b-chat-grammar,ethnic_asian_hispanic,blue,0,4,interleaved,8,0.9998407920363142,165,1788715477.2873578
gemma-4-31b-chat-grammar,race_white_black,red,0,5,interleaved,1,0.7745047807693481,162,1788715477.2873583
gemma-4-31b-chat-grammar,ethnic_asian_hispanic,blue,0,4,interleaved,2,0.9995672208562181,165,1788715477.287359
gemma-4-31b-chat-grammar,income_high_low,red,3,8,interleaved,2,0.9814341214512903,164,1788715477.2873595
gemma-4-31b-chat-grammar,ethnic_asian_hispanic,blue,0,4,interleaved,0,0.9999787008186795,165,1788715477.28736
gemma-4-31b-chat-grammar,race_white_black,blue,0,3,interleaved,4,0.030085195192156678,160,1788715477.2873604
gemma-4-31b-chat-grammar,race_white_black,blue,0,3,interleaved,3,0.6492572620289702,160,1788715477.287361
gemma-4-31b-chat-grammar,ethnic_asian_hispanic,blue,0,4,interleaved,9,0.999931860112049,165,1788715477.2873616
gemma-4-31b-chat-grammar,political_liberal_conservative,blue,1,5,interleaved,6,0.000517423325269276,162,1788715477.287362
gemma-4-31b-chat-grammar,baseline,red,0,2,interleaved,0,0.8310766568459077,161,1788715477.2873628
gemma-4-31b-chat-grammar,race_white_black,red,0,5,interleaved,11,0.6800259351730347,162,1788715477.2873633
gemma-4-31b-chat-grammar,race_white_black,blue,0,3,interleaved,1,0.041976213455200195,160,1788715477.2873638
gemma-4-31b-chat-grammar,race_white_black,blue,0,3,interleaved,0,0.021593238595304376,160,1788715477.2873642
gemma-4-31b-chat-grammar,baseline,red,0,2,interleaved,8,0.2808690285423687,161,1788715477.287365
gemma-4-31b-chat-grammar,income_high_low,blue,0,3,interleaved,0,0.999986803253114,164,1788715477.2873657
gemma-4-31b-chat-grammar,ethnic_asian_hispanic,blue,0,4,interleaved,11,0.9999788510847342,165,1788715477.2873664
gemma-4-31b-chat-grammar,political_liberal_conservative,red,1,5,interleaved,6,0.8725061676653078,162,1788715477.2873669
gemma-4-31b-chat-grammar,political_liberal_conservative,red,1,5,interleaved,5,0.0034270233192531243,162,1788715477.2873673
gemma-4-31b-chat-grammar,race_white_black,blue,0,3,interleaved,11,0.6492572620289702,160,1788715477.2873678
gemma-4-31b-chat-grammar,baseline,red,0,2,interleaved,7,0.0072571274963610325,161,1788715477.2873685
gemma-4-31b-chat-grammar,political_liberal_conservative,red,1,5,interleaved,2,0.7648710380533028,162,1788715477.287369
gemma-4-31b-chat-grammar,race_white_black,blue,0,3,interleaved,8,0.6492572620289702,160,1788715477.2873695
gemma-4-31b-chat-grammar,ethnic_asian_hispanic,blue,0,4,interleaved,7,0.9999700537562728,165,1788715477.28737
gemma-4-31b-chat-grammar,baseline,red,0,2,interleaved,4,0.0039460062980651855,161,1788715477.2873704
gemma-4-31b-chat-grammar,race_white_black,red,0,5,interleaved,5,0.5505054161103193,162,1788715477.287371
gemma-4-31b-chat-grammar,baseline,red,0,2,interleaved,11,0.8310766568459077,161,1788715477.2873716
gemma-4-31b-chat-grammar,income_high_low,red,3,8,interleaved,9,0.7925997258335393,164,1788715477.2873724
gemma-4-31b-chat-grammar,race_white_black,blue,0,3,interleaved,7,0.041976213455200195,160,1788715477.2873728
gemma-4-31b-chat-grammar,baseline,red,0,2,interleaved,6,0.3888011160850192,161,1788715477.2873733
gemma-4-31b-chat-grammar,baseline,red,1,8,interleaved,4,0.17054469629310523,162,1788715477.287374
gemma-4-31b-chat-grammar,income_high_low,blue,0,3,interleaved,8,0.9999469249210711,164,1788715477.2873745
gemma-4-31b-chat-grammar,political_liberal_conservative,red,2,8,interleaved,0,0.9999984626552797,161,1788715477.2873752
gemma-4-31b-chat-grammar,political_liberal_conservative,blue,1,5,interleaved,9,0.9957358510013108,162,1788715477.2873757
gemma-4-31b-chat-grammar,baseline,red,1,8,interleaved,10,0.008049737572114123,162,1788715477.2873762
gemma-4-31b-chat-grammar,political_liberal_conservative,red,2,8,interleaved,3,0.999999162755446,161,1788715477.2873766
gemma-4-31b-chat-grammar,ethnic_asian_hispanic,blue,0,4,interleaved,1,0.9999636370486448,165,1788715477.2873774
gemma-4-31b-chat-grammar,income_high_low,blue,0,3,interleaved,7,0.80495390877265,164,1788715477.2873776
gemma-4-31b-chat-grammar,baseline,red,0,2,interleaved,9,0.8310766568459077,161,1788715477.2873785
gemma-4-31b-chat-grammar,ethnic_asian_hispanic,blue,0,4,interleaved,6,0.9998486125829048,165,1788715477.2873793
gemma-4-31b-chat-grammar,baseline,red,1,8,interleaved,3,0.01467490287993578,162,1788715477.2873795
gemma-4-31b-chat-grammar,political_liberal_conservative,red,2,8,interleaved,7,0.9999984626552797,161,1788715477.28738
gemma-4-31b-chat-grammar,baseline,red,1,8,interleaved,1,0.1908382773399353,162,1788715477.2873802
gemma-4-31b-chat-grammar,political_liberal_conservative,red,1,5,interleaved,9,0.0037504467059610753,162,1788715477.287381
gemma-4-31b-chat-grammar,political_liberal_conservative,blue,1,5,interleaved,11,0.0002803028960183952,162,1788715477.2873814
gemma-4-31b-chat-grammar,political_liberal_conservative,red,1,5,interleaved,3,0.009346238415796446,162,1788715477.2873821
gemma-4-31b-chat-grammar,income_high_low,blue,0,3,interleaved,1,0.7994484305381775,164,1788715477.2873826
gemma-4-31b-chat-grammar,income_high_low,red,3,8,interleaved,6,0.9983602455574672,164,1788715477.287383
gemma-4-31b-chat-grammar,income_high_low,blue,0,3,interleaved,2,0.6951327323913574,164,1788715477.2873836
gemma-4-31b-chat-grammar,income_high_low,red,3,8,interleaved,7,0.9996670734170576,164,1788715477.2873838
gemma-4-31b-chat-grammar,race_white_black,red,0,5,interleaved,4,0.09302066405148303,162,1788715477.2873843
gemma-4-31b-chat-grammar,race_white_black,blue,0,3,interleaved,6,0.6492572620289702,160,1788715477.2873847
gemma-4-31b-chat-grammar,ethnic_asian_hispanic,blue,0,4,interleaved,3,0.9999666891196309,165,1788715477.2873852
gemma-4-31b-chat-grammar,political_liberal_conservative,red,1,5,interleaved,10,0.7648710380533028,162,1788715477.2873862
gemma-4-31b-chat-grammar,baseline,red,0,2,interleaved,10,0.3888011160850192,161,1788715477.287387
gemma-4-31b-chat-grammar,race_white_black,blue,0,3,interleaved,5,0.6492572620289702,160,1788715477.2873871
gemma-4-31b-chat-grammar,baseline,red,1,8,interleaved,6,0.0022218283141674754,162,1788715477.2873876
gemma-4-31b-chat-grammar,race_white_black,red,0,5,interleaved,6,0.09175527772489728,162,1788715477.287388
gemma-4-31b-chat-grammar,political_liberal_conservative,blue,1,5,interleaved,3,0.9960457081924912,162,1788715477.2873883
gemma-4-31b-chat-grammar,race_white_black,red,0,5,interleaved,0,0.9645326769520814,162,1788715477.287389
