label,scenario,role,n_similar,n_occupied,sequential_p,sequential_range,concurrent_mean,concurrent_sd,concurrent_min,concurrent_max,interleaved_mean,interleaved_sd,interleaved_min,interleaved_max,campaign_p,campaign_n,campaign_ci_low,campaign_ci_high,campaign_minus_sequential,seq_sampling_p,seq_sampling_n,seq_sampling_ci_low,seq_sampling_ci_high,sequential_inside_seq_sampling_ci
gemma-4-31b-chat-grammar,baseline,red,0,2,0.02662924917959001,0.0,0.30922600319404425,0.36687366238182006,0.0039460062980651855,0.9423780090981948,0.5312526634019195,0.335797789267598,0.0039460062980651855,0.8310766568459077,0.46355685131195334,2401,0.44368411536993135,0.48354601903892114,0.4369276021323633,0.03,300,0.015861673205964575,0.05602315099190695,True
gemma-4-31b-chat-grammar,race_white_black,blue,0,3,0.6719046435327721,0.0,0.39159119957985844,0.39238091688004906,0.021593238595304376,0.9803665207299104,0.3429272383151736,0.320005718890573,0.021593238595304376,0.6492572620289702,0.5943356934610579,2401,0.5745593071494022,0.6138106877808251,-0.07756895007171427,0.6866666666666666,300,0.6320966534895827,0.7365164659779293,True
gemma-4-31b-chat-grammar,baseline,red,1,8,0.3596926736740075,0.0,0.5433992175328441,0.38468154723114006,0.0022218283141674754,0.9999287165189453,0.25110721075176795,0.3143140787902053,0.0022218283141674754,0.8739772699468514,0.597667638483965,2401,0.5779119414064624,0.6171112983778126,0.2379749648099575,0.35,300,0.2982310964752725,0.4055619325240481,True
gemma-4-31b-chat-grammar,political_liberal_conservative,blue,1,5,0.690283477306366,0.0,0.5697715609857764,0.4793877352134367,0.0002803028960183952,0.997110309073907,0.6345080057305142,0.47555356020025147,6.570687252903513e-05,0.9960457081924912,0.6834652228238234,2401,0.6645797358865796,0.7017645588894256,-0.006818254482542585,0.6966666666666667,300,0.6424305301606226,0.7459297207069346,True
gemma-4-31b-chat-grammar,income_high_low,red,3,8,0.9878652737842187,0.0,0.8877960246582141,0.17598453022825156,0.4422092867556002,0.9998600125075732,0.953280539420542,0.07394992800099726,0.7925997258335393,0.9996670734170576,0.7324228629236217,1977,0.7124712952053913,0.7514729192133689,-0.25544241086059705,0.98,300,0.9570598132699448,0.9908024939322289,True
gemma-4-31b-chat-grammar,race_white_black,red,0,5,0.684783021069079,0.0,0.5264690324552501,0.3990109213726286,8.857144378650872e-06,0.9645326769520814,0.4890901946536587,0.3475598477741577,0.09085641259379117,0.9645326769520814,0.18733783082511676,1927,0.17054473164219336,0.20537507451901638,-0.49744519024396217,0.68,300,0.6252228520235207,0.7302255131772947,True
gemma-4-31b-chat-grammar,political_liberal_conservative,red,1,5,0.022385647728905528,0.0,0.2929005744326893,0.38135578518769275,0.0009121699437085248,0.9993469915222007,0.2742212619117184,0.3909069711194442,0.0003949888676546324,0.8725061676653078,0.0903755868544601,852,0.07291696773854023,0.11151155267925669,0.06798993912555457,0.02,300,0.009197506067771085,0.042940186730055147,True
gemma-4-31b-chat-grammar,income_high_low,blue,0,3,0.5836390852928162,0.0,0.8835845752873656,0.18782993341295193,0.5122846808348691,0.9999887853374374,0.7817081154391872,0.2835164438067807,0.16470531120018098,0.9999921004380286,0.9209833187006146,1139,0.9038639014569567,0.9352725107982498,0.3373442334077984,0.5833333333333334,300,0.5268345519290606,0.6377248764046503,True
gemma-4-31b-chat-grammar,ethnic_asian_hispanic,blue,0,4,0.9993259787523522,0.0,0.9952814417136336,0.012409151641299241,0.9576450932639999,0.9999921609558006,0.9998874828927552,0.00012978225779891747,0.9995672208562181,0.9999788510847342,0.9849279161205766,1526,0.9774844541433412,0.9899359637613621,-0.014398062631775566,1.0,300,0.9873565700022643,0.9999999999999999,True
gemma-4-31b-chat-grammar,political_liberal_conservative,red,2,8,0.9988919857684312,0.0,0.9998884187030903,0.00019033357778136664,0.9995069818826234,0.9999999453823134,0.9999991821740074,6.728231843684524e-07,0.9999981417849052,0.9999999453823134,0.9919191919191919,495,0.9794085791772024,0.9968532241687896,-0.006972793849239323,1.0,300,0.9873565700022643,0.9999999999999999,True
