model,scenario,rank,group,at_chance,mean_dissimilarity
gemma-4-31B,green_yellow,1,0,False,0.2557
gemma-4-31B,income_high_low,2,1,False,0.2181
gemma-4-31B,political_liberal_conservative,3,2,False,0.2084
gemma-4-31B,llm_baseline,4,3,False,0.1997
gemma-4-31B,race_white_black,5,4,False,0.1346
gemma-4-31B,ethnic_asian_hispanic,6,5,False,0.1299
qwen3.6-27B,political_liberal_conservative,1,0,False,0.3789
qwen3.6-27B,income_high_low,2,1,False,0.3554
qwen3.6-27B,llm_baseline,3,1,False,0.3542
qwen3.6-27B,green_yellow,4,2,False,0.3455
qwen3.6-27B,race_white_black,5,3,False,0.2988
qwen3.6-27B,ethnic_asian_hispanic,6,4,False,0.1564
llama-3.3-70B,llm_baseline,1,0,False,0.3423
llama-3.3-70B,political_liberal_conservative,2,1,False,0.3263
llama-3.3-70B,income_high_low,3,2,False,0.2998
llama-3.3-70B,green_yellow,4,3,False,0.1757
llama-3.3-70B,race_white_black,5,4,False,0.139
llama-3.3-70B,ethnic_asian_hispanic,6,5,False,0.1333
hermes-4.3-36B,income_high_low,1,0,False,0.4842
hermes-4.3-36B,political_liberal_conservative,2,1,False,0.4788
hermes-4.3-36B,llm_baseline,3,2,False,0.4515
hermes-4.3-36B,green_yellow,4,3,False,0.3886
hermes-4.3-36B,race_white_black,5,4,False,0.2598
hermes-4.3-36B,ethnic_asian_hispanic,6,5,False,0.1618
deepseek-v4-flash,political_liberal_conservative,1,0,False,0.4216
deepseek-v4-flash,llm_baseline,2,1,False,0.3743
deepseek-v4-flash,income_high_low,3,2,False,0.3081
deepseek-v4-flash,race_white_black,4,3,False,0.2556
deepseek-v4-flash,ethnic_asian_hispanic,5,4,False,0.173
deepseek-v4-flash,green_yellow,6,5,False,0.1407
mistral-small-4-119B,political_liberal_conservative,1,0,False,0.1294
mistral-small-4-119B,income_high_low,2,1,False,0.1261
mistral-small-4-119B,ethnic_asian_hispanic,3,2,False,0.1252
mistral-small-4-119B,llm_baseline,4,3,False,0.1252
mistral-small-4-119B,green_yellow,5,6,True,0.1249
mistral-small-4-119B,race_white_black,6,6,True,0.1249
granite-4.2-30B,llm_baseline,1,0,False,0.1327
granite-4.2-30B,political_liberal_conservative,2,1,False,0.1324
granite-4.2-30B,income_high_low,3,2,False,0.1267
granite-4.2-30B,race_white_black,4,3,False,0.125
granite-4.2-30B,green_yellow,5,4,False,0.125
granite-4.2-30B,ethnic_asian_hispanic,6,6,True,0.1249
phi-4-14B,llm_baseline,1,0,False,0.1317
phi-4-14B,political_liberal_conservative,2,1,False,0.1291
phi-4-14B,green_yellow,3,2,False,0.1271
phi-4-14B,income_high_low,4,3,False,0.125
phi-4-14B,race_white_black,5,5,True,0.1249
phi-4-14B,ethnic_asian_hispanic,6,5,True,0.1249
olmo-2-32B,green_yellow,1,0,False,0.7377
olmo-2-32B,political_liberal_conservative,2,1,False,0.735
olmo-2-32B,llm_baseline,3,2,False,0.7184
olmo-2-32B,ethnic_asian_hispanic,4,3,False,0.6006
olmo-2-32B,race_white_black,5,4,False,0.571
olmo-2-32B,income_high_low,6,5,False,0.4583
